1439226603;10:08;19:10;Prvni zadani;0;12298;
1439226607;10:08;19:10;obed;-90;12208;
1439226623;10:08;19:10;kafe;-14;12194;
1439309524;11:08;18:12;obed;-115;12079;
1439309533;11:08;18:12;kafe;-14;12065;
1439309566;11:08;18:12;svacina;-14;12051;
1439327730;11:08;23:15;cisteni notebooku;-315;11736;
1439405168;12:08;20:46;kafe;-12;11724;
1439487310;13:08;19:35;kafe;-12;11712;
1439487318;13:08;19:35;obed;-115;11597;
1439487330;13:08;19:35;svacina;-30;11567;
1439487346;13:08;19:35;nakup jidla;-30;11537;
1439564435;14:08;17:00;nakup jidla;-224;11313;
1439564445;14:08;17:00;nakup jidla;-67;11246;
1439564456;14:08;17:00;kafe;-12;11234;
1439564490;14:08;17:01;salinkarta;-715;10519;
1439585199;14:08;22:46;kniha Debordelizace hlavy;-199;10320;
1439651179;15:08;17:06;pizza;-160;10160;
1439751514;16:08;20:58;motokary;-200;9960;
1439751526;16:08;20:58;kofola;-30;9930;
1439751536;16:08;20:58;crazy kart;-50;9880;
1439751557;16:08;20:59;McDonnald;-50;9830;
1439751664;16:08;21:01;jelda pujcka;-300;9530;
1439831758;17:08;19:15;dar holce na autobus;-50;9480;
1439831777;17:08;19:16;svacina;-30;9450;
1439831785;17:08;19:16;obed;-115;9335;
1439831791;17:08;19:16;kafe;-12;9323;
1439835826;17:08;20:23;mamka na jidlo;400;9723;
1439913871;18:08;18:04;svacina;-30;9693;
1439913913;18:08;18:05;kafe;-12;9681;
1440000283;19:08;18:04;nakup jidla;-151;9530;
1440000299;19:08;18:04;kafe;-7;9523;
1440000305;19:08;18:05;obed;-115;9408;
1440104668;20:08;23:04;spolujizda chorvatsko;-1300;8108;
1440104685;20:08;23:04;svacina;-20;8088;
1440104698;20:08;23:04;nakup jidla;-51;8037;
1440174360;21:08;18:26;sluchatka sony;-1519;6518;
1440174378;21:08;18:26;microSD karta;-350;6168;
1440176539;21:08;19:02;nakup jidla;-83;6085;
1440176567;21:08;19:02;vyplata Freescale;18300;24385;
1440263303;22:08;19:08;vymena za 800 kun;-2920;21465;
1440614160;26:08;20:36;obed;-90;21375;
1440614167;26:08;20:36;svacina;-14;21361;
1440614177;26:08;20:36;kafe;-5;21356;
1440695385;27:08;19:09;kafe;-8;21348;
1440695390;27:08;19:09;nakup jidla;-185;21163;
1440842633;29:08;12:03;obed;-90;21073;
1440842644;29:08;12:04;na pive;-320;20753;
1440842678;29:08;12:04;pujcka tatkovi;-500;20253;
1440842687;29:08;12:04;pujcka jeldovi;-100;20153;
1440861285;29:08;17:14;slapadla a pivo;-400;19753;
1441045681;31:08;20:28;bazen riviera;-45;19708;
1441045696;31:08;20:28;kafe a cokolada;-12;19696;
1441045710;31:08;20:28;pivo;-20;19676;
1441219496;02:09;20:44;obed;-140;19536;
1441219507;02:09;20:45;kafe;-7;19529;
1441219513;02:09;20:45;svacina;-19;19510;
1441219523;02:09;20:45;kafe a cokolada;-12;19498;
1441219539;02:09;20:45;nakup jidla;-91;19407;
1441219547;02:09;20:45;mamka za nakup;100;19507;
1441305255;03:09;20:34;kafe a cokolada;-12;19495;
1441305263;03:09;20:34;obed;-90;19405;
1441305289;03:09;20:34;nakup jidla salza;-466;18939;
1441308000;03:09;21:20;tatka vratil pujcku;500;19439;
1441314042;03:09;23:00;platba pojisteni;-32;19407;
1441374712;04:09;15:51;obed;-90;19317;
1441383827;04:09;18:23;mamka na salzu v eurech;320;19637;
1441557091;06:09;18:31;restaurace salza;-594;19043;
1441557122;06:09;18:32;camp salza;-270;18773;
1441557149;06:09;18:32;piti ;-50;18723;
1441572938;06:09;22:55;burcak 1,5l;-90;18633;
1441645373;07:09;19:02;obed;-100;18533;
1441645380;07:09;19:03;cokolada;-5;18528;
1441655318;07:09;21:48;kniha anglictina pro samouky;-340;18188;
1441746109;08:09;23:01;kafe;-7;18181;
1441746119;08:09;23:01;pujcka jelda;-300;17881;
1441815910;09:09;18:25;kafe;-7;17874;
1441815915;09:09;18:25;dar kolegovi za svatbu;-50;17824;
1441816804;09:09;18:40;cocky gelone 2x+1 maly;-581;17243;
1441903411;10:09;18:43;kafe a cokolada;-12;17231;
1441903418;10:09;18:43;obed;-100;17131;
1441903425;10:09;18:43;nakup mamce;-140;16991;
1441903435;10:09;18:43;mamka za nakup;150;17141;
1441903443;10:09;18:44;piva z pivoteky;-64;17077;
1441908974;10:09;20:16;dar holcice z afriky na skolu;-1200;15877;
1441989338;11:09;18:35;nakup pro me;-92;15785;
1441989346;11:09;18:35;cokolada;-7;15778;
1441989352;11:09;18:35;pivo cerna hora medovy kvasar;-26;15752;
1442011629;12:09;00:47;pizza salame z K1;-150;15602;
1442256100;14:09;20:41;kafe a cokolada;-12;15590;
1442256106;14:09;20:41;mobil;-248;15342;
1442336059;15:09;18:54;obed;-90;15252;
1442336063;15:09;18:54;kafe;-7;15245;
1442433230;16:09;21:53;cokolada;-5;15240;
1442433243;16:09;21:54;nakup jidla - jogurt;-28;15212;
1442433256;16:09;21:54;pivo;-35;15177;
1442514243;17:09;20:24;2 piva;-70;15107;
1442514250;17:09;20:24;nakup pro mamku;-110;14997;
1442519063;17:09;21:44;voucher aqualand moravia;-400;14597;
1442606577;18:09;22:02;aqualand - jidlo, piti;-343;14254;
1442606615;18:09;22:03;cesta do aqualandu;-60;14194;
1442766449;20:09;18:27;kolo - piti, tycinka;-38;14156;
1442862379;21:09;21:06;obed;-45;14111;
1442862390;21:09;21:06;kafe;-7;14104;
1442862398;21:09;21:06;svacina;-29;14075;
1442951409;22:09;21:50;svacina - prace;-16;14059;
1442951434;22:09;21:50;obed;-50;14009;
1442951451;22:09;21:50;sesit;-29;13980;
1442951458;22:09;21:50;2 piva cider a tycinka;-88;13892;
1443023136;23:09;17:45;svacina do prace;-19;13873;
1443023144;23:09;17:45;svacina skola;-30;13843;
1443036259;23:09;21:24;vyplata freescale;12698;26541;
1443112357;24:09;18:32;menza ucet;-100;26441;
1443112368;24:09;18:32;svacina skola - snickers;-12;26429;
1443201831;25:09;19:23;svacina prace;-14;26415;
1443201840;25:09;19:24;obed;-90;26325;
1443201846;25:09;19:24;kafe cokolada;-12;26313;
1443201853;25:09;19:24;jidlo pro me;-59;26254;
1443201869;25:09;19:24;jidlo na veceri;-162;26092;
1443225740;26:09;02:02;patek pivo;-380;25712;
1443225754;26:09;02:02;mamka za nakup;100;25812;
1443287496;26:09;19:11;motokary;-480;25332;
1443287546;26:09;19:12;benzin;-200;25132;
1443464953;28:09;20:29;mobil;-190;24942;
1443560496;29:09;23:01;svacina skola;-10;24932;
1443560514;29:09;23:01;skola kafe to go;-20;24912;
1443560524;29:09;23:02;obed menza;-100;24812;
1443624243;30:09;16:44;cokolada;-5;24807;
1443624249;30:09;16:44;bageta eifell;-36;24771;
1443624267;30:09;16:44;tycinka;-13;24758;
1443718602;01:10;18:56;kafe;-7;24751;
1443718610;01:10;18:56;svacina prace;-14;24737;
1443718619;01:10;18:56;sesit;-23;24714;
1443718629;01:10;18:57;e-kniha umeni programovani;-590;24124;
1443807520;02:10;19:38;kafe a cokolada;-12;24112;
1443807530;02:10;19:38;obed prace;-100;24012;
1443865779;03:10;11:49;Uprava zustatku;0;24498;
1443984550;04:10;20:49;nakup pro me;-100;24398;
1444063592;05:10;18:46;svacina skola;-44;24354;
1444064487;05:10;19:01;pc mironet level 3;-19990;4364;
1444228206;07:10;16:30;svacina skola;-13;4351;
1444228245;07:10;16:30;kafe a cokolada;-12;4339;
1444228257;07:10;16:30;obedy menza;-100;4239;
1444228284;07:10;16:31;kafe;-7;4232;
1444228297;07:10;16:31;svacina prace;-19;4213;
1444228306;07:10;16:31;draty internet pc;-250;3963;
1444236173;07:10;18:42;draty internet pc;-139;3824;
1444404803;09:10;17:33;obed;-90;3734;
1444404914;09:10;17:35;preplatek od mironet pc;500;4234;
1444763131;13:10;21:05;menza;-200;4034;
1444763137;13:10;21:05;svacina skola;-24;4010;
1444859220;14:10;23:47;obed;-90;3920;
1444859225;14:10;23:47;svacina skola;-13;3907;
1444859236;14:10;23:47;cokolada ;-5;3902;
1444859247;14:10;23:47;od mamky na nakupy;500;4402;
1444927803;15:10;18:50;benzin;-200;4202;
1444927809;15:10;18:50;nakup jidla pro me;-189;4013;
1445019805;16:10;20:23;prispevek jurovi prace;-50;3963;
1445019817;16:10;20:23;kafe;-7;3956;
1445036199;17:10;00:56;patek piva bowling;-250;3706;
1445088552;17:10;15:29;pizza k1;-140;3566;
1445127689;18:10;02:21;benzin praha vylet;-400;3166;
1445127730;18:10;02:22;utrata praha;-215;2951;
1445163112;18:10;12:11;nakup;-125;2826;
1445169000;18:10;13:50;vracim mamce;-100;2726;
1445273020;19:10;18:43;vraceni stravenek freescale;-200;2526;
1445273035;19:10;18:43;menza;-200;2326;
1445273076;19:10;18:44;mironet vraceni penez pc;19490;21816;
1445291863;19:10;23:57;fotbal vstup;-100;21716;
1445358560;20:10;18:29;kartacek, pena na holeni;-154;21562;
1445358584;20:10;18:29;cider, sladkost;-68;21494;
1445450340;21:10;19:59;kafe svacina;-27;21467;
1445534062;22:10;19:14;svacina skola;-45;21422;
1445538902;22:10;20:35;lynx pc dingo;-18999;2423;
1445538916;22:10;20:35;voucher motokary;-229;2194;
1445615393;23:10;17:49;kafe;-7;2187;
1445615434;23:10;17:50;pc hra fallout 3;-270;1917;
1445678082;24:10;11:14;jelda vratil dluh;600;2517;
1445678117;24:10;11:15;freescale vyplata;6473;8990;
1445969262;27:10;19:07;prohra poker;-40;8950;
1445990208;28:10;00:56;menza;-100;8850;
1445990230;28:10;00:57;nakup jidla party;-150;8700;
1445990246;28:10;00:57;jidlo party;-50;8650;
1445990255;28:10;00:57;svacina skola;-20;8630;
1446228489;30:10;19:08;menza;-100;8530;
1446228530;30:10;19:08;kafe;-7;8523;
1446228552;30:10;19:09;svacina skola;-13;8510;
1446228572;30:10;19:09;cokolada;-5;8505;
1446228585;30:10;19:09;svacina prace;-19;8486;
1446487452;02:11;19:04;benzin;-350;8136;
1446487460;02:11;19:04;svacina skola, kurz labview;-50;8086;
1446487476;02:11;19:04;svacina skola;-50;8036;
1446487486;02:11;19:04;kafe;-7;8029;
1446503403;02:11;23:30;pivo po fotbale;-30;7999;
1446503425;02:11;23:30;fotbal vstup;-100;7899;
1446581208;03:11;21:06;menza a svacina;-90;7809;
1446660779;04:11;19:12;svacina skola - panini;-50;7759;
1446660789;04:11;19:13;cokolada prace;-5;7754;
1446756106;05:11;21:41;nakup jidla;-67;7687;
1446756114;05:11;21:41;frgaly;-210;7477;
1446757875;05:11;22:11;pc hra anno 1404;-405;7072;
1446837308;06:11;20:15;pc hra counter strike GO;-300;6772;
1447191869;10:11;22:44;obed lucerna;-200;6572;
1447191884;10:11;22:44;listek hokej HSU;-170;6402;
1447191901;10:11;22:45;3 piva na hokeji;-90;6312;
1447191916;10:11;22:45;kafe;-7;6305;
1447191930;10:11;22:45;svacina prace;-14;6291;
1447191950;10:11;22:45;wc;-10;6281;
1447191987;10:11;22:46;svacina skola;-45;6236;
1447192025;10:11;22:47;voucher motokary;-230;6006;
1447267097;11:11;19:38;menza;-200;5806;
1447267107;11:11;19:38;mobil;-198;5608;
1447267115;11:11;19:38;kafe;-7;5601;
1447362682;12:11;22:11;kafe;-7;5594;
1447362695;12:11;22:11;svacina skola;-15;5579;
1447362705;12:11;22:11;svacina prace;-11;5568;
1447444504;13:11;20:55;obed prace;-90;5478;
1447444524;13:11;20:55;salinkarta 3 mesice;-685;4793;
1447444540;13:11;20:55;pizza Acko;-180;4613;
1447791497;17:11;21:18;piva;-80;4533;
1447879238;18:11;21:40;svacina skola panini;-49;4484;
1448005687;20:11;08:48;svacina skola;-13;4471;
1448005695;20:11;08:48;kafe;-6;4465;
1448005715;20:11;08:48;menza;-100;4365;
1448033199;20:11;16:26;vyplata freescale;9660;14025;
1448033212;20:11;16:26;svacina prace - bageta;-50;13975;
1448033229;20:11;16:27;prace kafe;-3;13972;
1448303109;23:11;19:25;nakup jidlo;-91;13881;
1448303128;23:11;19:25;kafe prace;-3;13878;
1448319117;23:11;23:51;pivo;-33;13845;
1448391936;24:11;20:05;pc hra hacknet+soundtrack;-410;13435;
1448669296;28:11;01:08;menza;-100;13335;
1448669301;28:11;01:08;kafe skola;-20;13315;
1448669346;28:11;01:09;darek tatkovi - ponozky;-398;12917;
1448669787;28:11;01:16;pc hra civilization 4;-320;12597;
1448909783;30:11;19:56;kafe cokolada prace;-6;12591;
1448909791;30:11;19:56;boty na snowboard;-900;11691;
1448920482;30:11;22:54;mobil;-180;11511;
1449006235;01:12;22:43;nakup jidla - milka;-30;11481;
1449096398;02:12;23:46;menza;-200;11281;
1449096403;02:12;23:46;svacina prace;-14;11267;
1449181854;03:12;23:30;bazen luzanky;-90;11177;
1449181864;03:12;23:31;prace svacina;-16;11161;
1449181875;03:12;23:31;skola svacina;-50;11111;
1449360276;06:12;01:04;pivo + jidlo freescale patek;-210;10901;
1449360309;06:12;01:05;obed;-90;10811;
1449360316;06:12;01:05;kafe a cokolada;-7;10804;
1449441803;06:12;23:43;nakup jidla;-50;10754;
1449441829;06:12;23:43;Uprava zustatku;0;8942;
1449515353;07:12;20:09;kafe;-3;8939;
1449515357;07:12;20:09;strihani vlasu;-120;8819;
1449680861;09:12;18:07;svacina skola monster;-35;8784;
1449680905;09:12;18:08;kafe;-3;8781;
1449680909;09:12;18:08;menza;-50;8731;
1449681009;09:12;18:10;mamka na roztoky;400;9131;
1449681245;09:12;18:14;cocky a roztoky 3+1;-1366;7765;
1449783632;10:12;22:40;kafe v praci;-3;7762;
1449783637;10:12;22:40;svacina skola;-15;7747;
1449783642;10:12;22:40;menza;-100;7647;
1449783669;10:12;22:41;udemy kurz hackovani;-783;6864;
1449922063;12:12;13:07;kafe a cokolada;-6;6858;
1449922069;12:12;13:07;svacina prace;-27;6831;
1449922087;12:12;13:08;svacina prace;-14;6817;
1449931948;12:12;15:52;pizza k1;-140;6677;
1450218958;15:12;23:35;menza;-100;6577;
1450218969;15:12;23:36;svacina skola;-31;6546;
1450218974;15:12;23:36;udemy kurz raspeberry pi;-1664;4882;
1450389812;17:12;23:03;benzin;-330;4552;
1450464701;18:12;19:51;darek stromecek pro prarod.;-50;4502;
1450464735;18:12;19:52;darek pro betku - kniha;-330;4172;
1450464796;18:12;19:53;darek pro decka;-360;3812;
1450465260;18:12;20:01;darek terka masaz;-390;3422;
1450780926;22:12;11:42;svacina, oslava fotbal;-170;3252;
1450780982;22:12;11:43;vyplata freescale (nxp);10204;13456;
1450809678;22:12;19:41;pizza k1 salame;-100;13356;
1450909145;23:12;23:19;piva;-90;13266;
1450979972;24:12;18:59;mobil;-179;13087;
1451086865;26:12;00:41;kino starwars popkorn cola;-275;12812;
1451086890;26:12;00:41;piva;-135;12677;
1451298441;28:12;11:27;darek cokolada terka nar.;-210;12467;
1451298463;28:12;11:27;casopis 21.sto extra;-75;12392;
1451313364;28:12;15:36;microSD karta 16gb;-219;12173;
1451752477;02:01;17:34;silvestr vrbetice 2016;-915;11258;
1451838517;03:01;17:28;kurz udemy amazon;-338;10920;
1451838527;03:01;17:28;kurz udemy komunikace;-335;10585;
1451843127;03:01;18:45;kurz udemy cisco ;-338;10247;
1451934904;04:01;20:15;kafe;-2;10245;
1452123224;07:01;00:33;obed;-75;10170;
1452123228;07:01;00:33;kafe;-2;10168;
1452123232;07:01;00:33;pizza;-75;10093;
1452123238;07:01;00:33;bazen luzanky;-90;10003;
1452123248;07:01;00:34;piti mirinda;-30;9973;
1452208925;08:01;00:22;nakup hory lesarna;-692;9281;
1452208946;08:01;00:22;svacina prace;-18;9263;
1452208953;08:01;00:22;kafe;-2;9261;
1452209505;08:01;00:31;ruby on rails udemy kurz;-338;8923;
1452247956;08:01;11:12;nakup na hory lesarna;-190;8733;
1452458457;10:01;21:40;chat jeseniky dalsi jidlo;-900;7833;
1452614783;12:01;17:06;svacina prace;-18;7815;
1452614795;12:01;17:06;kafe;-2;7813;
1452614801;12:01;17:06;pivo po fotbale;-30;7783;
1452614828;12:01;17:07;cokolada prace;-2;7781;
1452783811;14:01;16:03;plavani luzanky bazen;-80;7701;
1452886094;15:01;20:28;obed prace;-75;7626;
1452886098;15:01;20:28;2x listky kino zmrtvychvstani;-318;7308;
1452886739;15:01;20:38;kafe cokolada;-4;7304;
1452939442;16:01;11:17;hory hochkar 29.1.2016;-1740;5564;
1453040009;17:01;15:13;pucka jelda;-400;5164;
1453123736;18:01;14:28;kafe;-2;5162;
1453123742;18:01;14:29;svacina prace;-14;5148;
1453299870;20:01;15:24;nakup jidla;-95;5053;
1453299911;20:01;15:25;menza;-100;4953;
1453299917;20:01;15:25;svacina skola energy;-35;4918;
1453299929;20:01;15:25;vanoce, tatka za kino;670;5588;
1453417847;22:01;00:10;obed prace;-75;5513;
1453417856;22:01;00:10;kafe a cokolada;-4;5509;
1453417861;22:01;00:11;svacina prace;-14;5495;
1453490681;22:01;20:24;obed jidlo;-99;5396;
1453490712;22:01;20:25;casopis historie;-40;5356;
1453585669;23:01;22:47;piva drink jidlo;-330;5026;
1453654935;24:01;18:02;pujcka jedlovi;-200;4826;
1453654976;24:01;18:02;hory hochkar zruseno;1740;6566;
1453742617;25:01;18:23;kafe a cokolada;-4;6562;
1453742622;25:01;18:23;obed prace;-75;6487;
1453919427;27:01;19:30;obed prace;-75;6412;
1453919431;27:01;19:30;kafe a cokolada;-4;6408;
1453919438;27:01;19:30;vyplata nxp;10852;17260;
1454167387;30:01;16:23;kafe a cokolada;-4;17256;
1454167392;30:01;16:23;jelda vratil pujcku;600;17856;
1454198634;31:01;01:03;nakup jidla;-165;17691;
1454347802;01:02;18:30;kurz udemy python itermediate;-564;17127;
1454347815;01:02;18:30;obed prace;-75;17052;
1454347823;01:02;18:30;kafe a cokolada;-4;17048;
1454448818;02:02;22:33;obed prace;-104;16944;
1454448837;02:02;22:33;fotbal na pul roku;-600;16344;
1454448844;02:02;22:34;kafe a cokolada;-4;16340;
1454448853;02:02;22:34;pivo po fotbale;-40;16300;
1454489638;03:02;09:53;hithit prispevek taptap;-300;16000;
1454506204;03:02;14:30;bazen luzanky;-80;15920;
1454535629;03:02;22:40;jidlo;-50;15870;
1454600989;04:02;16:49;svacina skola;-28;15842;
1454952857;08:02;18:34;nakup jidla, kapesniku;-107;15735;
1455215123;11:02;19:25;svacina skola;-100;15635;
1455215130;11:02;19:25;obed naber si;-108;15527;
1455215138;11:02;19:25;svacina skola;-50;15477;
1455215307;11:02;19:28;mobil;-179;15298;
1455308527;12:02;21:22;obed prace;-87;15211;
1455308533;12:02;21:22;kafe a cokolada;-4;15207;
1455661394;16:02;23:23;obed ;-60;15147;
1455661400;16:02;23:23;svacina prace;-37;15110;
1455821719;18:02;19:55;vyhra poker;80;15190;
1455821730;18:02;19:55;piva a cigarety;-130;15060;
1455821749;18:02;19:55;obed naber si;-120;14940;
1455821757;18:02;19:55;skola svacina;-60;14880;
1455821794;18:02;19:56;salinkarta;-685;14195;
1455824225;18:02;20:37;jelda pujcka;-300;13895;
1455998002;20:02;20:53;pivo + jidlo nxp patek;-690;13205;
1456160108;22:02;17:55;obed prace;-136;13069;
1456160114;22:02;17:55;burger vesela vacice;-150;12919;
1456160132;22:02;17:55;kafe;-2;12917;
1456269309;24:02;00:15;obed naber si;-84;12833;
1456269326;24:02;00:15;svacina skola;-61;12772;
1456304149;24:02;09:55;vyplata nxp;11761;24533;
1456356342;25:02;00:25;slucak;-120;24413;
1456356354;25:02;00:25;kave a cokolada;-4;24409;
1456440063;25:02;23:41;obed restaurace;-220;24189;
1456440073;25:02;23:41;svacina skola;-60;24129;
1456613262;27:02;23:47;nakup domu;-175;23954;
1456871119;01:03;23:25;kafe a cokolada;-6;23948;
1456871126;01:03;23:25;svacina skola;-30;23918;
1456871143;01:03;23:25;nakup domu;-140;23778;
1456953257;02:03;22:14;obed naber si;-118;23660;
1456953268;02:03;22:14;kafe;-2;23658;
1456953339;02:03;22:15;jelda vratil pujcku;300;23958;
1457046769;04:03;00:12;obed naber si;-117;23841;
1457046775;04:03;00:12;svacina skola;-50;23791;
1457269770;06:03;14:09;mobil;-180;23611;
1457269777;06:03;14:09;pizza salame;-150;23461;
1457269786;06:03;14:09;pivo;-30;23431;
1457269792;06:03;14:09;bvv motosalon;-160;23271;
1457391231;07:03;23:53;deda k narozeninam;500;23771;
1457475669;08:03;23:21;benzin;-300;23471;
1457475693;08:03;23:21;fotky na pas;-150;23321;
1457475702;08:03;23:21;obed;-140;23181;
1457475716;08:03;23:21;svacina skola;-35;23146;
1457648257;10:03;23:17;svacina skola;-18;23128;
1457648299;10:03;23:18;iaeste prispevek, ekvador;-5000;18128;
1457740953;12:03;01:02;kafe ;-4;18124;
1457740958;12:03;01:02;nakup jidla;-50;18074;
1457967570;14:03;15:59;nakup domu;120;18194;
1458080189;15:03;23:16;jelda pujcka;-400;17794;
1458080198;15:03;23:16;obed a svacina;-170;17624;
1458424189;19:03;22:49;nakup na stredecni parba;-130;17494;
1458424204;19:03;22:50;nakup jidla;-85;17409;
1458424276;19:03;22:51;plavani kravi hora;-90;17319;
1458424294;19:03;22:51;parba z prace;-200;17119;
1458424315;19:03;22:51;kino scala trabanty;-210;16909;
1458424337;19:03;22:52;jidlo mcdonald;-60;16849;
1458646312;22:03;12:31;mezizubni kartacky;-50;16799;
1458863871;25:03;00:57;obed a svacina;-150;16649;
1458863888;25:03;00:58;obed;-100;16549;
1458863892;25:03;00:58;bazen plavani kravi hora;-80;16469;
1458863901;25:03;00:58;svacina;-30;16439;
1458863917;25:03;00:58;nakup penezenka;-750;15689;
1458863946;25:03;00:59;vyplata nxp;18940;34629;
1459098965;27:03;19:16;nakup domu;-80;34549;
1459098973;27:03;19:16;casopis historie;-40;34509;
1459246761;29:03;12:19;piva;-70;34439;
1459285186;29:03;22:59;svacina skola;-13;34426;
1459372527;30:03;23:15;prace kafe cokolada;-6;34420;
1459553704;02:04;01:35;dfgsdfg;654;35074;
1459553806;02:04;01:36;svacina prace;-60;35014;
1459553823;02:04;01:37;patek piva;-210;34804;
1459554219;02:04;01:43;od dana na voucher motokary;240;35044;
1459554251;02:04;01:44;jelda splatka pujcky;400;35444;
1459595691;02:04;01:44;jelda splatka pujcky;400;35444;
1459806007;04:04;23:40;kafe a cokolada;-4;34672;
1459879997;05:04;20:13;bazen kravi hora;-70;34602;
1459880005;05:04;20:13;obed menza stavarna;-60;34542;
1459880021;05:04;20:13;svacina skola;-35;34507;
1459880026;05:04;20:13;uhliky do vodarny;-55;34452;
1459972846;06:04;22:00;kafe ;-4;34448;
1459972852;06:04;22:00;jidlo domu;-60;34388;
1459973205;06:04;22:06;mobil;-180;34208;
1460063238;07:04;23:07;svacina skola;-70;34138;
1460157379;09:04;01:16;jidlo domu;-35;34103;
1460157386;09:04;01:16;pivo patek;-120;33983;
1460410725;11:04;23:38;kafe ;-4;33979;
1460453151;12:04;11:25;lek micetal gel;-235;33744;
1460481672;12:04;19:21;jidlo domu;-65;33679;
1460566437;13:04;18:53;kafe prace;-4;33675;
1460566443;13:04;18:54;kurz udemy python penetr.;-677;32998;
1460671101;14:04;23:58;svacina skola;-85;32913;
1460671109;14:04;23:58;bazen kravi hora;-70;32843;
1460671122;14:04;23:58;svacina;-22;32821;
1460759065;16:04;00:24;usb 3.0;-240;32581;
1460759079;16:04;00:24;obleceni tricka;-948;31633;
1460759108;16:04;00:25;nakup jidla;-80;31553;
1460759113;16:04;00:25;obleceni kalhoty;-798;30755;
1460759143;16:04;00:25;obleceni boty;-699;30056;
1460928644;17:04;23:30;jidlo;-120;29936;
1461015727;18:04;23:42;pivo;-30;29906;
1461015731;18:04;23:42;kafe;-4;29902;
1461063006;19:04;12:50;benzin;-500;29402;
1461063013;19:04;12:50;bazen plavani kravi hora;-70;29332;
1461105465;20:04;00:37;svacina skola;-35;29297;
1461184925;20:04;22:42;mobil lumia 550;-3558;25739;
1461409819;23:04;13:10;alza eshop klavesnice, mys;-700;25039;
1461409835;23:04;13:10;obed prace;-75;24964;
1461409841;23:04;13:10;piva patek;-150;24814;
1461421821;23:04;16:30;jelda vratil pujcku;200;25014;
1461620234;25:04;23:37;kafe prace;-4;25010;
1461620239;25:04;23:37;obed naber si;-75;24935;
1461620244;25:04;23:37;vino od mariana;-200;24735;
1461777307;27:04;19:15;pojisteni kradez mobil;-240;24495;
1461777326;27:04;19:15;obed naber si;-70;24425;
1461849843;28:04;15:24;obed menza;-80;24345;
1461849856;28:04;15:24;svacina skola;-15;24330;
1461849905;28:04;15:25;vyplata nxp;11953;36283;
1461968374;30:04;00:19;kafe prace;-6;36277;
1461968380;30:04;00:19;tabak atd.;-230;36047;
1461968395;30:04;00:19;piva;-90;35957;
1462005768;30:04;10:42;mamka darek;-560;35397;
1462056219;01:05;00:43;piva;-130;35267;
1462056229;01:05;00:43;nakup domu;-30;35237;
1462056250;01:05;00:44;jelda pujcka;-300;34937;
1462215399;02:05;20:56;vymena za 147 euro;-4000;30937;
1462728253;08:05;19:24;utrata cca. mallorca;-10000;20937;
1462728276;08:05;19:24;mobil start;-230;20707;
1462828160;09:05;23:09;kafe cokolada prace;-6;20701;
1462828167;09:05;23:09;nakup jidla hokej;-100;20601;
1462995400;11:05;21:36;pizza k1 hawai;-150;20451;
1463092743;13:05;00:39;svacina;-70;20381;
1463177057;14:05;00:04;nakup piva hokej;-80;20301;
1463177085;14:05;00:04;kafe;-2;20299;
1463237131;14:05;16:45;jelda vratil pujcku;300;20599;
1463305886;15:05;11:51;laser game;-120;20479;
1463305895;15:05;11:51;piva;-140;20339;
1463305910;15:05;11:51;kfc mcdonald;-125;20214;
1463349686;16:05;00:01;piva hokej;-80;20134;
1463382418;16:05;09:06;darek tonicka;-230;19904;
1463438204;17:05;00:36;obed prace;-120;19784;
1463438208;17:05;00:36;kafe a cokolada;-4;19780;
1463438214;17:05;00:36;pivo po fotbale;-30;19750;
1463596327;18:05;20:32;obed prace;-100;19650;
1463596332;18:05;20:32;nakup domu;-80;19570;
1463596336;18:05;20:32;kafe prace;-2;19568;
1463684372;19:05;20:59;salinkarta;-685;18883;
1463684379;19:05;20:59;pujcka jeldovi;-200;18683;
1463684388;19:05;20:59;2 piva;-40;18643;
1464027229;23:05;20:13;prasky claritin;-200;18443;
1464027236;23:05;20:13;obleceni - ponozky;-180;18263;
1464132201;25:05;01:23;kafe prace;-2;18261;
1464132251;25:05;01:24;jidlo domu;-67;18194;
1464286622;26:05;20:17;obed prace;-60;18134;
1464286627;26:05;20:17;kafe prace;-4;18130;
1464286706;26:05;20:18;vyplata nxp;11331;29461;
1464374587;27:05;20:43;obed;-83;29378;
1464374592;27:05;20:43;kafe cokolada prace;-4;29374;
1464374600;27:05;20:43;dar jezibabe;-20;29354;
1464374605;27:05;20:43;svacina prace;-30;29324;
1464374613;27:05;20:43;svacina prace;-14;29310;
1464458217;28:05;19:56;pivo patek;-90;29220;
1464630443;30:05;19:47;svacina prace;-18;29202;
1464630448;30:05;19:47;nakup jidla;-80;29122;
1464630695;30:05;19:51;mobil;-182;28940;
1464695202;31:05;13:46;obed s tatka pizza k1;-430;28510;
1464815706;01:06;23:15;obed prace;-93;28417;
1464815726;01:06;23:15;kafe prace;-4;28413;
1464815735;01:06;23:15;tabak a tycinka;-140;28273;
1464815747;01:06;23:15;snidane;-14;28259;
1464898198;02:06;22:09;svacina skola;-14;28245;
1465049052;04:06;16:04;stehovani jidlo;-70;28175;
1465220461;06:06;15:41;knihy pipkin;-1131;27044;
1465220547;06:06;15:42;strihani vlasu kader;-130;26914;
1465421512;08:06;23:31;tabak;-260;26654;
1465421539;08:06;23:32;obed prace;-120;26534;
1465421575;08:06;23:32;zdenka mallorka;1390;27924;
1465421585;08:06;23:33;jirka mallorka;790;28714;
1465499030;09:06;21:03;obleceni boty;-837;27877;
1465499052;09:06;21:04;nakup domu;-80;27797;
1465581232;10:06;19:53;dar holcice z afriky na skolu;-1200;26597;
1465641726;11:06;12:42;control system lectures book;-250;26347;
1465643269;11:06;13:07;cocky roztoky;-1715;24632;
1465658513;11:06;17:21;obed jelda k1;-470;24162;
1465658523;11:06;17:22;pujcka jelda;-400;23762;
1465662727;11:06;18:32;nakup erosstar;-981;22781;
1465733845;12:06;14:17;ohnostroje brno;-400;22381;
1465911742;14:06;15:42;obed prace;-105;22276;
1465911747;14:06;15:42;svacina skola;-8;22268;
1465911759;14:06;15:42;posudek na ridicak;-350;21918;
1465942849;15:06;00:20;darek deda ksiltovka;-100;21818;
1466117096;17:06;00:44;obed prace;-110;21708;
1466117171;17:06;00:46;kafe prace;-2;21706;
1466201911;18:06;00:18;aqualand piti jidlo;-450;21256;
1466201935;18:06;00:18;benzin aqualand;-60;21196;
1466201947;18:06;00:19;nakup jidla domu;-160;21036;
1466291445;19:06;01:10;nakup jidla patek;-60;20976;
1466343900;19:06;15:45;zmrzlina;-42;20934;
1466343908;19:06;15:45;pujcka jelda;-300;20634;
1466350824;19:06;17:40;dar h-mat;-500;20134;
1466356380;19:06;19:13;obed dluh;-71;20063;
1466551945;22:06;01:32;zaloha ridicak A;-3000;17063;
1466551959;22:06;01:32;nakup jidlo;-60;17003;
1466623831;22:06;21:30;obed prace;-83;16920;
1466623873;22:06;21:31;nakup jidlo;-45;16875;
1466709928;23:06;21:25;vyplata nxp;10694;27569;
1466709947;23:06;21:25;mamka za cocky, roztoky;700;28269;
1466781127;24:06;17:12;nakup domu jidlo\;-160;28109;
1466815483;25:06;02:44;patek grilovani jidlo;-320;27789;
1466815552;25:06;02:45;jelda pujcka ;700;28489;
1466941498;26:06;13:44;piva pizza;-580;27909;
1466941564;26:06;13:46;battlefield 3 pc hra;-135;27774;
1467153565;28:06;22:39;asdfasdf;0;27774;
1467153959;28:06;22:45;asdf;0;27774;
1467153959;28:06;22:45;asdf;0;27774;
1467154257;28:06;22:50;asdf;0;27774;
1467154257;28:06;22:50;fdfd;0;27774;
